Handle,Title,Body (HTML),Vendor,Type,Tags,Published,Option1 Name,Option1 Value,Variant SKU,Variant Grams,Variant Inventory Tracker,Variant Inventory Qty,Variant Inventory Policy,Variant Fulfillment Service,Variant Price,Variant Requires Shipping,Image Src,Image Alt Text,Status
womens-leather-plain-shoulder-bag-mkz-756456,Women's Leather Plain Shoulder Bag,"<ul><li>Material: Leather</li><li>Pattern: Plain</li><li>Number Of Pieces: 1 Pc</li><li>Gender: Women's</li><li>Color: Beige</li><li>Package Includes: 1 x Shoulder Bag</li><li>Length: 7 Inches</li><li>Width: 11 Inches</li><li>Note: There might be an error of 1-3 cm due to manual measurement, and slight color differences may occur as a result of varying lighting and monitor effects.</li><li>Product Code: MZ1454200602SHAH</li></ul><p>Delivered across Pakistan with cash on delivery.</p><p><a href=""https://www.markaz.app/shop/product/womens-leather-plain-shoulder-bag/756456?ref=mkzx-c686663b-54db-5d52-86d8-87704de1faa6"">View this product on Markaz</a></p>",NAAZ,Shoulder Bag,"Women's Handbags, Shoulder Bags",FALSE,Color,Beige,MKZ-756456-756456001,0,,,continue,manual,1911,TRUE,https://www.markaz.app/api/export/image/1454-37-756456-product-1.webp?src=https%3A%2F%2Fstatic.markaz.app%2Fpakistan%2Fproducts%2F1454-37-756456-product-1.webp,Women's Leather Plain Shoulder Bag,draft
womens-leather-plain-shoulder-bag-mkz-756455,Women's Leather Plain Shoulder Bag,"<ul><li>Material: Leather</li><li>Pattern: Plain</li><li>Number Of Pieces: 1 Pc</li><li>Gender: Women's</li><li>Color: Blue</li><li>Package Includes: 1 x Shoulder Bag</li><li>Length: 7 Inches</li><li>Width: 11 Inches</li><li>Note: There might be an error of 1-3 cm due to manual measurement, and slight color differences may occur as a result of varying lighting and monitor effects.</li><li>Product Code: MZ1454200601SHAH</li></ul><p>Delivered across Pakistan with cash on delivery.</p><p><a href=""https://www.markaz.app/shop/product/womens-leather-plain-shoulder-bag/756455?ref=mkzx-c686663b-54db-5d52-86d8-87704de1faa6"">View this product on Markaz</a></p>",NAAZ,Shoulder Bag,"Women's Handbags, Shoulder Bags",FALSE,Color,Blue,MKZ-756455-756455001,0,,,continue,manual,1911,TRUE,https://www.markaz.app/api/export/image/1454-37-756455-product-1.webp?src=https%3A%2F%2Fstatic.markaz.app%2Fpakistan%2Fproducts%2F1454-37-756455-product-1.webp,Women's Leather Plain Shoulder Bag,draft
womens-leather-plain-shoulder-bag-mkz-756462,Women's Leather Plain Shoulder Bag,"<ul><li>Material: Leather</li><li>Pattern: Plain</li><li>Number Of Pieces: 1 Pc</li><li>Gender: Women's</li><li>Color: Brown</li><li>Package Includes: 1 x Shoulder Bag</li><li>Length: 7 Inches</li><li>Width: 11 Inches</li><li>Note: There might be an error of 1-3 cm due to manual measurement, and slight color differences may occur as a result of varying lighting and monitor effects.</li><li>Product Code: MZ1598203197TEWHHB</li></ul><p>Delivered across Pakistan with cash on delivery.</p><p><a href=""https://www.markaz.app/shop/product/womens-leather-plain-shoulder-bag/756462?ref=mkzx-c686663b-54db-5d52-86d8-87704de1faa6"">View this product on Markaz</a></p>",NAAZ,Shoulder Bag,"Women's Handbags, Shoulder Bags",FALSE,Color,Brown,MKZ-756462-756462001,0,,,continue,manual,1911,TRUE,https://www.markaz.app/api/export/image/1598-37-756462-product-1.webp?src=https%3A%2F%2Fstatic.markaz.app%2Fpakistan%2Fproducts%2F1598-37-756462-product-1.webp,Women's Leather Plain Shoulder Bag,draft
womens-leather-plain-shoulder-bag-mkz-756463,Women's Leather Plain Shoulder Bag,"<ul><li>Material: Leather</li><li>Pattern: Plain</li><li>Number Of Pieces: 1 Pc</li><li>Gender: Women's</li><li>Color: Purple</li><li>Package Includes: 1 x Shoulder Bag</li><li>Length: 7 Inches</li><li>Width: 11 Inches</li><li>Note: There might be an error of 1-3 cm due to manual measurement, and slight color differences may occur as a result of varying lighting and monitor effects.</li><li>Product Code: MZ1598203198TEWHHB</li></ul><p>Delivered across Pakistan with cash on delivery.</p><p><a href=""https://www.markaz.app/shop/product/womens-leather-plain-shoulder-bag/756463?ref=mkzx-c686663b-54db-5d52-86d8-87704de1faa6"">View this product on Markaz</a></p>",NAAZ,Shoulder Bag,"Women's Handbags, Shoulder Bags",FALSE,Color,Purple,MKZ-756463-756463001,0,,,continue,manual,1911,TRUE,https://www.markaz.app/api/export/image/1598-37-756463-product-1.webp?src=https%3A%2F%2Fstatic.markaz.app%2Fpakistan%2Fproducts%2F1598-37-756463-product-1.webp,Women's Leather Plain Shoulder Bag,draft
womens-leather-printed-shoulder-bag-mkz-756464,Women's Leather Printed Shoulder Bag,"<ul><li>Material: Leather</li><li>Pattern: Printed</li><li>Number Of Pieces: 1 Pc</li><li>Gender: Women's</li><li>Color: Maroon</li><li>Package Includes: 1 x Shoulder Bag</li><li>Length: 7 Inches</li><li>Width: 11 Inches</li><li>Note: There might be an error of 1-3 cm due to manual measurement, and slight color differences may occur as a result of varying lighting and monitor effects.</li><li>Product Code: MZ1598203199TEWHHB</li></ul><p>Delivered across Pakistan with cash on delivery.</p><p><a href=""https://www.markaz.app/shop/product/womens-leather-printed-shoulder-bag/756464?ref=mkzx-c686663b-54db-5d52-86d8-87704de1faa6"">View this product on Markaz</a></p>",NAAZ,Shoulder Bag,"Women's Handbags, Shoulder Bags",FALSE,Color,Maroon,MKZ-756464-756464001,0,,,continue,manual,1911,TRUE,https://www.markaz.app/api/export/image/1598-37-756464-product-1.webp?src=https%3A%2F%2Fstatic.markaz.app%2Fpakistan%2Fproducts%2F1598-37-756464-product-1.webp,Women's Leather Printed Shoulder Bag,draft
womens-leather-plain-shoulder-bag-mkz-756468,Women's Leather Plain Shoulder Bag,"<ul><li>Material: Leather</li><li>Pattern: Plain</li><li>Number Of Pieces: 1 Pc</li><li>Gender: Women's</li><li>Color: Green</li><li>Package Includes: 1 x Shoulder Bag</li><li>Length: 7 Inches</li><li>Width: 11 Inches</li><li>Note: There might be an error of 1-3 cm due to manual measurement, and slight color differences may occur as a result of varying lighting and monitor effects.</li><li>Product Code: MZ1598203201TEWHHB</li></ul><p>Delivered across Pakistan with cash on delivery.</p><p><a href=""https://www.markaz.app/shop/product/womens-leather-plain-shoulder-bag/756468?ref=mkzx-c686663b-54db-5d52-86d8-87704de1faa6"">View this product on Markaz</a></p>",NAAZ,Shoulder Bag,"Women's Handbags, Shoulder Bags",FALSE,Color,Green,MKZ-756468-756468001,0,,,continue,manual,1911,TRUE,https://www.markaz.app/api/export/image/1598-37-756468-product-1.webp?src=https%3A%2F%2Fstatic.markaz.app%2Fpakistan%2Fproducts%2F1598-37-756468-product-1.webp,Women's Leather Plain Shoulder Bag,draft
womens-leather-printed-shoulder-bag-mkz-756469,Women's Leather Printed Shoulder Bag,"<ul><li>Material: Leather</li><li>Pattern: Printed</li><li>Number Of Pieces: 1 Pc</li><li>Gender: Women's</li><li>Color: Black</li><li>Package Includes: 1 x Shoulder Bag</li><li>Length: 7 Inches</li><li>Width: 11 Inches</li><li>Note: There might be an error of 1-3 cm due to manual measurement, and slight color differences may occur as a result of varying lighting and monitor effects.</li><li>Product Code: MZ1598203202TEWHHB</li></ul><p>Delivered across Pakistan with cash on delivery.</p><p><a href=""https://www.markaz.app/shop/product/womens-leather-printed-shoulder-bag/756469?ref=mkzx-c686663b-54db-5d52-86d8-87704de1faa6"">View this product on Markaz</a></p>",NAAZ,Shoulder Bag,"Women's Handbags, Shoulder Bags",FALSE,Color,Black,MKZ-756469-756469001,0,,,continue,manual,1911,TRUE,https://www.markaz.app/api/export/image/1598-37-756469-product-1.webp?src=https%3A%2F%2Fstatic.markaz.app%2Fpakistan%2Fproducts%2F1598-37-756469-product-1.webp,Women's Leather Printed Shoulder Bag,draft
womens-leather-plain-shoulder-bag-mkz-756475,Women's Leather Plain Shoulder Bag,"<ul><li>Material: Leather</li><li>Pattern: Plain</li><li>Number Of Pieces: 1 Pc</li><li>Gender: Women's</li><li>Color: Beige</li><li>Package Includes: 1 x Shoulder Bag</li><li>Length: 7 Inches</li><li>Width: 11 Inches</li><li>Note: There might be an error of 1-3 cm due to manual measurement, and slight color differences may occur as a result of varying lighting and monitor effects.</li><li>Product Code: MZ1598203208TEWHHB</li></ul><p>Delivered across Pakistan with cash on delivery.</p><p><a href=""https://www.markaz.app/shop/product/womens-leather-plain-shoulder-bag/756475?ref=mkzx-c686663b-54db-5d52-86d8-87704de1faa6"">View this product on Markaz</a></p>",NAAZ,Shoulder Bag,"Women's Handbags, Shoulder Bags",FALSE,Color,Beige,MKZ-756475-756475001,0,,,continue,manual,1911,TRUE,https://www.markaz.app/api/export/image/1598-37-756475-product-1.webp?src=https%3A%2F%2Fstatic.markaz.app%2Fpakistan%2Fproducts%2F1598-37-756475-product-1.webp,Women's Leather Plain Shoulder Bag,draft
womens-leather-printed-shoulder-bag-mkz-756474,Women's Leather Printed Shoulder Bag,"<ul><li>Material: Leather</li><li>Pattern: Printed</li><li>Number Of Pieces: 1 Pc</li><li>Gender: Women's</li><li>Color: Purple</li><li>Package Includes: 1 x Shoulder Bag</li><li>Length: 7 Inches</li><li>Width: 11 Inches</li><li>Note: There might be an error of 1-3 cm due to manual measurement, and slight color differences may occur as a result of varying lighting and monitor effects.</li><li>Product Code: MZ1598203207TEWHHB</li></ul><p>Delivered across Pakistan with cash on delivery.</p><p><a href=""https://www.markaz.app/shop/product/womens-leather-printed-shoulder-bag/756474?ref=mkzx-c686663b-54db-5d52-86d8-87704de1faa6"">View this product on Markaz</a></p>",NAAZ,Shoulder Bag,"Women's Handbags, Shoulder Bags",FALSE,Color,Purple,MKZ-756474-756474001,0,,,continue,manual,1911,TRUE,https://www.markaz.app/api/export/image/1598-37-756474-product-1.webp?src=https%3A%2F%2Fstatic.markaz.app%2Fpakistan%2Fproducts%2F1598-37-756474-product-1.webp,Women's Leather Printed Shoulder Bag,draft
womens-leather-printed-shoulder-bag-mkz-756473,Women's Leather Printed Shoulder Bag,"<ul><li>Material: Leather</li><li>Pattern: Printed</li><li>Number Of Pieces: 1 Pc</li><li>Gender: Women's</li><li>Color: Pink</li><li>Package Includes: 1 x Shoulder Bag</li><li>Length: 7 Inches</li><li>Width: 11 Inches</li><li>Note: There might be an error of 1-3 cm due to manual measurement, and slight color differences may occur as a result of varying lighting and monitor effects.</li><li>Product Code: MZ1598203206TEWHHB</li></ul><p>Delivered across Pakistan with cash on delivery.</p><p><a href=""https://www.markaz.app/shop/product/womens-leather-printed-shoulder-bag/756473?ref=mkzx-c686663b-54db-5d52-86d8-87704de1faa6"">View this product on Markaz</a></p>",NAAZ,Shoulder Bag,"Women's Handbags, Shoulder Bags",FALSE,Color,Pink,MKZ-756473-756473001,0,,,continue,manual,1911,TRUE,https://www.markaz.app/api/export/image/1598-37-756473-product-1.webp?src=https%3A%2F%2Fstatic.markaz.app%2Fpakistan%2Fproducts%2F1598-37-756473-product-1.webp,Women's Leather Printed Shoulder Bag,draft
womens-leather-printed-shoulder-bag-mkz-756472,Women's Leather Printed Shoulder Bag,"<ul><li>Material: Leather</li><li>Pattern: Printed</li><li>Number Of Pieces: 1 Pc</li><li>Gender: Women's</li><li>Color: Brown</li><li>Package Includes: 1 x Shoulder Bag</li><li>Length: 7 Inches</li><li>Width: 11 Inches</li><li>Note: There might be an error of 1-3 cm due to manual measurement, and slight color differences may occur as a result of varying lighting and monitor effects.</li><li>Product Code: MZ1598203205TEWHHB</li></ul><p>Delivered across Pakistan with cash on delivery.</p><p><a href=""https://www.markaz.app/shop/product/womens-leather-printed-shoulder-bag/756472?ref=mkzx-c686663b-54db-5d52-86d8-87704de1faa6"">View this product on Markaz</a></p>",NAAZ,Shoulder Bag,"Women's Handbags, Shoulder Bags",FALSE,Color,Brown,MKZ-756472-756472001,0,,,continue,manual,1911,TRUE,https://www.markaz.app/api/export/image/1598-37-756472-product-1.webp?src=https%3A%2F%2Fstatic.markaz.app%2Fpakistan%2Fproducts%2F1598-37-756472-product-1.webp,Women's Leather Printed Shoulder Bag,draft
womens-leather-printed-shoulder-bag-mkz-756471,Women's Leather Printed Shoulder Bag,"<ul><li>Material: Leather</li><li>Pattern: Printed</li><li>Number Of Pieces: 1 Pc</li><li>Gender: Women's</li><li>Color: Beige</li><li>Package Includes: 1 x Shoulder Bag</li><li>Length: 7 Inches</li><li>Width: 11 Inches</li><li>Note: There might be an error of 1-3 cm due to manual measurement, and slight color differences may occur as a result of varying lighting and monitor effects.</li><li>Product Code: MZ1598203204TEWHHB</li></ul><p>Delivered across Pakistan with cash on delivery.</p><p><a href=""https://www.markaz.app/shop/product/womens-leather-printed-shoulder-bag/756471?ref=mkzx-c686663b-54db-5d52-86d8-87704de1faa6"">View this product on Markaz</a></p>",NAAZ,Shoulder Bag,"Women's Handbags, Shoulder Bags",FALSE,Color,Beige,MKZ-756471-756471001,0,,,continue,manual,1911,TRUE,https://www.markaz.app/api/export/image/1598-37-756471-product-1.webp?src=https%3A%2F%2Fstatic.markaz.app%2Fpakistan%2Fproducts%2F1598-37-756471-product-1.webp,Women's Leather Printed Shoulder Bag,draft
womens-leather-plain-shoulder-bag-mkz-756470,Women's Leather Plain Shoulder Bag,"<ul><li>Material: Leather</li><li>Pattern: Plain</li><li>Number Of Pieces: 1 Pc</li><li>Gender: Women's</li><li>Color: Blue</li><li>Package Includes: 1 x Shoulder Bag</li><li>Length: 7 Inches</li><li>Width: 11 Inches</li><li>Note: There might be an error of 1-3 cm due to manual measurement, and slight color differences may occur as a result of varying lighting and monitor effects.</li><li>Product Code: MZ1598203203TEWHHB</li></ul><p>Delivered across Pakistan with cash on delivery.</p><p><a href=""https://www.markaz.app/shop/product/womens-leather-plain-shoulder-bag/756470?ref=mkzx-c686663b-54db-5d52-86d8-87704de1faa6"">View this product on Markaz</a></p>",NAAZ,Shoulder Bag,"Women's Handbags, Shoulder Bags",FALSE,Color,Blue,MKZ-756470-756470001,0,,,continue,manual,1911,TRUE,https://www.markaz.app/api/export/image/1598-37-756470-product-1.webp?src=https%3A%2F%2Fstatic.markaz.app%2Fpakistan%2Fproducts%2F1598-37-756470-product-1.webp,Women's Leather Plain Shoulder Bag,draft
womens-leather-plain-shoulder-bag-mkz-756476,Women's Leather Plain Shoulder Bag,"<ul><li>Material: Leather</li><li>Pattern: Plain</li><li>Number Of Pieces: 1 Pc</li><li>Gender: Women's</li><li>Color: Blue</li><li>Package Includes: 1 x Shoulder Bag</li><li>Length: 7 Inches</li><li>Width: 11 Inches</li><li>Note: There might be an error of 1-3 cm due to manual measurement, and slight color differences may occur as a result of varying lighting and monitor effects.</li><li>Product Code: MZ1598203209TEWHHB</li></ul><p>Delivered across Pakistan with cash on delivery.</p><p><a href=""https://www.markaz.app/shop/product/womens-leather-plain-shoulder-bag/756476?ref=mkzx-c686663b-54db-5d52-86d8-87704de1faa6"">View this product on Markaz</a></p>",NAAZ,Shoulder Bag,"Women's Handbags, Shoulder Bags",FALSE,Color,Blue,MKZ-756476-756476001,0,,,continue,manual,1911,TRUE,https://www.markaz.app/api/export/image/1598-37-756476-product-1.webp?src=https%3A%2F%2Fstatic.markaz.app%2Fpakistan%2Fproducts%2F1598-37-756476-product-1.webp,Women's Leather Plain Shoulder Bag,draft
womens-leather-plain-shoulder-bag-mkz-756477,Women's Leather Plain Shoulder Bag,"<ul><li>Material: Leather</li><li>Pattern: Plain</li><li>Number Of Pieces: 1 Pc</li><li>Gender: Women's</li><li>Color: Mustard</li><li>Package Includes: 1 x Shoulder Bag</li><li>Length: 7 Inches</li><li>Width: 11 Inches</li><li>Note: There might be an error of 1-3 cm due to manual measurement, and slight color differences may occur as a result of varying lighting and monitor effects.</li><li>Product Code: MZ1598203210TEWHHB</li></ul><p>Delivered across Pakistan with cash on delivery.</p><p><a href=""https://www.markaz.app/shop/product/womens-leather-plain-shoulder-bag/756477?ref=mkzx-c686663b-54db-5d52-86d8-87704de1faa6"">View this product on Markaz</a></p>",NAAZ,Shoulder Bag,"Women's Handbags, Shoulder Bags",FALSE,Color,Mustard,MKZ-756477-756477001,0,,,continue,manual,1911,TRUE,https://www.markaz.app/api/export/image/1598-37-756477-product-1.webp?src=https%3A%2F%2Fstatic.markaz.app%2Fpakistan%2Fproducts%2F1598-37-756477-product-1.webp,Women's Leather Plain Shoulder Bag,draft
womens-leather-plain-shoulder-bag-mkz-756478,Women's Leather Plain Shoulder Bag,"<ul><li>Material: Leather</li><li>Pattern: Plain</li><li>Number Of Pieces: 1 Pc</li><li>Gender: Women's</li><li>Color: Magenta</li><li>Package Includes: 1 x Shoulder Bag</li><li>Length: 7 Inches</li><li>Width: 11 Inches</li><li>Note: There might be an error of 1-3 cm due to manual measurement, and slight color differences may occur as a result of varying lighting and monitor effects.</li><li>Product Code: MZ1598203211TEWHHB</li></ul><p>Delivered across Pakistan with cash on delivery.</p><p><a href=""https://www.markaz.app/shop/product/womens-leather-plain-shoulder-bag/756478?ref=mkzx-c686663b-54db-5d52-86d8-87704de1faa6"">View this product on Markaz</a></p>",NAAZ,Shoulder Bag,"Women's Handbags, Shoulder Bags",FALSE,Color,Magenta,MKZ-756478-756478001,0,,,continue,manual,1911,TRUE,https://www.markaz.app/api/export/image/1598-37-756478-product-1.webp?src=https%3A%2F%2Fstatic.markaz.app%2Fpakistan%2Fproducts%2F1598-37-756478-product-1.webp,Women's Leather Plain Shoulder Bag,draft
womens-leather-plain-shoulder-bag-mkz-756484,Women's Leather Plain Shoulder Bag,"<ul><li>Material: Leather</li><li>Pattern: Plain</li><li>Number Of Pieces: 1 Pc</li><li>Gender: Women's</li><li>Color: Green</li><li>Package Includes: 1 x Shoulder Bag</li><li>Length: 7 Inches</li><li>Width: 10 Inches</li><li>Note: There might be an error of 1-3 cm due to manual measurement, and slight color differences may occur as a result of varying lighting and monitor effects.</li><li>Product Code: MZ1598203212TEWHHB</li></ul><p>Delivered across Pakistan with cash on delivery.</p><p><a href=""https://www.markaz.app/shop/product/womens-leather-plain-shoulder-bag/756484?ref=mkzx-c686663b-54db-5d52-86d8-87704de1faa6"">View this product on Markaz</a></p>",NAAZ,Shoulder Bag,"Women's Handbags, Shoulder Bags",FALSE,Color,Green,MKZ-756484-756484001,0,,,continue,manual,1911,TRUE,https://www.markaz.app/api/export/image/1598-37-756484-product-1.webp?src=https%3A%2F%2Fstatic.markaz.app%2Fpakistan%2Fproducts%2F1598-37-756484-product-1.webp,Women's Leather Plain Shoulder Bag,draft
womens-leather-plain-shoulder-bag-mkz-756485,Women's Leather Plain Shoulder Bag,"<ul><li>Material: Leather</li><li>Pattern: Plain</li><li>Number Of Pieces: 1 Pc</li><li>Gender: Women's</li><li>Color: Maroon</li><li>Package Includes: 1 x Shoulder Bag</li><li>Length: 7 Inches</li><li>Width: 11 Inches</li><li>Note: There might be an error of 1-3 cm due to manual measurement, and slight color differences may occur as a result of varying lighting and monitor effects.</li><li>Product Code: MZ1598203213TEWHHB</li></ul><p>Delivered across Pakistan with cash on delivery.</p><p><a href=""https://www.markaz.app/shop/product/womens-leather-plain-shoulder-bag/756485?ref=mkzx-c686663b-54db-5d52-86d8-87704de1faa6"">View this product on Markaz</a></p>",NAAZ,Shoulder Bag,"Women's Handbags, Shoulder Bags",FALSE,Color,Maroon,MKZ-756485-756485001,0,,,continue,manual,1911,TRUE,https://www.markaz.app/api/export/image/1598-37-756485-product-1.webp?src=https%3A%2F%2Fstatic.markaz.app%2Fpakistan%2Fproducts%2F1598-37-756485-product-1.webp,Women's Leather Plain Shoulder Bag,draft
womens-leather-plain-shoulder-bag-mkz-756495,Women's Leather Plain Shoulder Bag,"<ul><li>Material: Leather</li><li>Pattern: Plain</li><li>Number Of Pieces: 1 Pc</li><li>Gender: Women's</li><li>Color: Grey</li><li>Package Includes: 1 x Shoulder Bag</li><li>Length: 9 Inches</li><li>Width: 15 Inches</li><li>Note: There might be an error of 1-3 cm due to manual measurement, and slight color differences may occur as a result of varying lighting and monitor effects.</li><li>Product Code: MZ1598203214TEWHHB</li></ul><p>Delivered across Pakistan with cash on delivery.</p><p><a href=""https://www.markaz.app/shop/product/womens-leather-plain-shoulder-bag/756495?ref=mkzx-c686663b-54db-5d52-86d8-87704de1faa6"">View this product on Markaz</a></p>",NAAZ,Shoulder Bag,"Women's Handbags, Shoulder Bags",FALSE,Color,Grey,MKZ-756495-756495001,0,,,continue,manual,2161,TRUE,https://www.markaz.app/api/export/image/1598-37-756495-product-1.webp?src=https%3A%2F%2Fstatic.markaz.app%2Fpakistan%2Fproducts%2F1598-37-756495-product-1.webp,Women's Leather Plain Shoulder Bag,draft
womens-leather-plain-shoulder-bag-mkz-756495,,,,,,,,,,,,,,,,,https://www.markaz.app/api/export/image/1598-37-756495-product-3.webp?src=https%3A%2F%2Fstatic.markaz.app%2Fpakistan%2Fproducts%2F1598-37-756495-product-3.webp,Women's Leather Plain Shoulder Bag,
womens-leather-plain-shoulder-bag-mkz-756503,Women's Leather Plain Shoulder Bag,"<ul><li>Material: Leather</li><li>Pattern: Plain</li><li>Number Of Pieces: 1 Pc</li><li>Gender: Women's</li><li>Color: Green</li><li>Package Includes: 1 x Shoulder Bag</li><li>Length: 9 Inches</li><li>Width: 15 Inches</li><li>Note: There might be an error of 1-3 cm due to manual measurement, and slight color differences may occur as a result of varying lighting and monitor effects.</li><li>Product Code: MZ1598203220TEWHHB</li></ul><p>Delivered across Pakistan with cash on delivery.</p><p><a href=""https://www.markaz.app/shop/product/womens-leather-plain-shoulder-bag/756503?ref=mkzx-c686663b-54db-5d52-86d8-87704de1faa6"">View this product on Markaz</a></p>",NAAZ,Shoulder Bag,"Women's Handbags, Shoulder Bags",FALSE,Color,Green,MKZ-756503-756503001,0,,,continue,manual,2161,TRUE,https://www.markaz.app/api/export/image/1598-37-756503-product-1.webp?src=https%3A%2F%2Fstatic.markaz.app%2Fpakistan%2Fproducts%2F1598-37-756503-product-1.webp,Women's Leather Plain Shoulder Bag,draft
womens-leather-plain-shoulder-bag-mkz-756503,,,,,,,,,,,,,,,,,https://www.markaz.app/api/export/image/1598-37-756503-product-3.webp?src=https%3A%2F%2Fstatic.markaz.app%2Fpakistan%2Fproducts%2F1598-37-756503-product-3.webp,Women's Leather Plain Shoulder Bag,
womens-leather-plain-shoulder-bag-mkz-756502,Women's Leather Plain Shoulder Bag,"<ul><li>Material: Leather</li><li>Pattern: Plain</li><li>Number Of Pieces: 1 Pc</li><li>Gender: Women's</li><li>Color: Beige</li><li>Package Includes: 1 x Shoulder Bag</li><li>Length: 9 Inches</li><li>Width: 15 Inches</li><li>Note: There might be an error of 1-3 cm due to manual measurement, and slight color differences may occur as a result of varying lighting and monitor effects.</li><li>Product Code: MZ1598203219TEWHHB</li></ul><p>Delivered across Pakistan with cash on delivery.</p><p><a href=""https://www.markaz.app/shop/product/womens-leather-plain-shoulder-bag/756502?ref=mkzx-c686663b-54db-5d52-86d8-87704de1faa6"">View this product on Markaz</a></p>",NAAZ,Shoulder Bag,"Women's Handbags, Shoulder Bags",FALSE,Color,Beige,MKZ-756502-756502001,0,,,continue,manual,2161,TRUE,https://www.markaz.app/api/export/image/1598-37-756502-product-1.webp?src=https%3A%2F%2Fstatic.markaz.app%2Fpakistan%2Fproducts%2F1598-37-756502-product-1.webp,Women's Leather Plain Shoulder Bag,draft
womens-leather-plain-shoulder-bag-mkz-756502,,,,,,,,,,,,,,,,,https://www.markaz.app/api/export/image/1598-37-756502-product-3.webp?src=https%3A%2F%2Fstatic.markaz.app%2Fpakistan%2Fproducts%2F1598-37-756502-product-3.webp,Women's Leather Plain Shoulder Bag,
womens-leather-plain-shoulder-bag-mkz-756501,Women's Leather Plain Shoulder Bag,"<ul><li>Material: Leather</li><li>Pattern: Plain</li><li>Number Of Pieces: 1 Pc</li><li>Gender: Women's</li><li>Color: Lilac</li><li>Package Includes: 1 x Shoulder Bag</li><li>Length: 9 Inches</li><li>Width: 15 Inches</li><li>Note: There might be an error of 1-3 cm due to manual measurement, and slight color differences may occur as a result of varying lighting and monitor effects.</li><li>Product Code: MZ1598203218TEWHHB</li></ul><p>Delivered across Pakistan with cash on delivery.</p><p><a href=""https://www.markaz.app/shop/product/womens-leather-plain-shoulder-bag/756501?ref=mkzx-c686663b-54db-5d52-86d8-87704de1faa6"">View this product on Markaz</a></p>",NAAZ,Shoulder Bag,"Women's Handbags, Shoulder Bags",FALSE,Color,Lilac,MKZ-756501-756501001,0,,,continue,manual,2161,TRUE,https://www.markaz.app/api/export/image/1598-37-756501-product-1.webp?src=https%3A%2F%2Fstatic.markaz.app%2Fpakistan%2Fproducts%2F1598-37-756501-product-1.webp,Women's Leather Plain Shoulder Bag,draft
womens-leather-plain-shoulder-bag-mkz-756501,,,,,,,,,,,,,,,,,https://www.markaz.app/api/export/image/1598-37-756501-product-2.webp?src=https%3A%2F%2Fstatic.markaz.app%2Fpakistan%2Fproducts%2F1598-37-756501-product-2.webp,Women's Leather Plain Shoulder Bag,
womens-leather-plain-shoulder-bag-mkz-756500,Women's Leather Plain Shoulder Bag,"<ul><li>Material: Leather</li><li>Pattern: Plain</li><li>Number Of Pieces: 1 Pc</li><li>Gender: Women's</li><li>Color: Blue</li><li>Package Includes: 1 x Shoulder Bag</li><li>Length: 9 Inches</li><li>Width: 15 Inches</li><li>Note: There might be an error of 1-3 cm due to manual measurement, and slight color differences may occur as a result of varying lighting and monitor effects.</li><li>Product Code: MZ1598203217TEWHHB</li></ul><p>Delivered across Pakistan with cash on delivery.</p><p><a href=""https://www.markaz.app/shop/product/womens-leather-plain-shoulder-bag/756500?ref=mkzx-c686663b-54db-5d52-86d8-87704de1faa6"">View this product on Markaz</a></p>",NAAZ,Shoulder Bag,"Women's Handbags, Shoulder Bags",FALSE,Color,Blue,MKZ-756500-756500001,0,,,continue,manual,2161,TRUE,https://www.markaz.app/api/export/image/1598-37-756500-product-1.webp?src=https%3A%2F%2Fstatic.markaz.app%2Fpakistan%2Fproducts%2F1598-37-756500-product-1.webp,Women's Leather Plain Shoulder Bag,draft
womens-leather-plain-shoulder-bag-mkz-756498,Women's Leather Plain Shoulder Bag,"<ul><li>Material: Leather</li><li>Pattern: Plain</li><li>Number Of Pieces: 1 Pc</li><li>Gender: Women's</li><li>Color: Grey</li><li>Package Includes: 1 x Shoulder Bag</li><li>Length: 9 Inches</li><li>Width: 15 Inches</li><li>Note: There might be an error of 1-3 cm due to manual measurement, and slight color differences may occur as a result of varying lighting and monitor effects.</li><li>Product Code: MZ1598203216TEWHHB</li></ul><p>Delivered across Pakistan with cash on delivery.</p><p><a href=""https://www.markaz.app/shop/product/womens-leather-plain-shoulder-bag/756498?ref=mkzx-c686663b-54db-5d52-86d8-87704de1faa6"">View this product on Markaz</a></p>",NAAZ,Shoulder Bag,"Women's Handbags, Shoulder Bags",FALSE,Color,Grey,MKZ-756498-756498001,0,,,continue,manual,2161,TRUE,https://www.markaz.app/api/export/image/1598-37-756498-product-1.webp?src=https%3A%2F%2Fstatic.markaz.app%2Fpakistan%2Fproducts%2F1598-37-756498-product-1.webp,Women's Leather Plain Shoulder Bag,draft
womens-leather-plain-shoulder-bag-mkz-756498,,,,,,,,,,,,,,,,,https://www.markaz.app/api/export/image/1598-37-756498-product-3.webp?src=https%3A%2F%2Fstatic.markaz.app%2Fpakistan%2Fproducts%2F1598-37-756498-product-3.webp,Women's Leather Plain Shoulder Bag,
womens-leather-plain-shoulder-bag-mkz-756497,Women's Leather Plain Shoulder Bag,"<ul><li>Material: Leather</li><li>Pattern: Plain</li><li>Number Of Pieces: 1 Pc</li><li>Gender: Women's</li><li>Color: Grey</li><li>Package Includes: 1 x Shoulder Bag</li><li>Length: 9 Inches</li><li>Width: 15 Inches</li><li>Note: There might be an error of 1-3 cm due to manual measurement, and slight color differences may occur as a result of varying lighting and monitor effects.</li><li>Product Code: MZ1598203215TEWHHB</li></ul><p>Delivered across Pakistan with cash on delivery.</p><p><a href=""https://www.markaz.app/shop/product/womens-leather-plain-shoulder-bag/756497?ref=mkzx-c686663b-54db-5d52-86d8-87704de1faa6"">View this product on Markaz</a></p>",NAAZ,Shoulder Bag,"Women's Handbags, Shoulder Bags",FALSE,Color,Grey,MKZ-756497-756497001,0,,,continue,manual,2161,TRUE,https://www.markaz.app/api/export/image/1598-37-756497-product-1.webp?src=https%3A%2F%2Fstatic.markaz.app%2Fpakistan%2Fproducts%2F1598-37-756497-product-1.webp,Women's Leather Plain Shoulder Bag,draft
womens-leather-plain-shoulder-bag-mkz-756497,,,,,,,,,,,,,,,,,https://www.markaz.app/api/export/image/1598-37-756497-product-3.webp?src=https%3A%2F%2Fstatic.markaz.app%2Fpakistan%2Fproducts%2F1598-37-756497-product-3.webp,Women's Leather Plain Shoulder Bag,
womens-leather-plain-shoulder-bag-mkz-758143,Women's Leather Plain Shoulder Bag,"<ul><li>Material: Leather</li><li>Pattern: Plain</li><li>Number Of Pieces: 1 Pc</li><li>Gender: Women's</li><li>Color: Pink</li><li>Package Includes: 1 x Shoulder Bag</li><li>Note: There might be an error of 1-3 cm due to manual measurement, and slight color differences may occur as a result of varying lighting and monitor effects.</li><li>Product Code: MZ1598203236TEWHHB</li></ul><p>Delivered across Pakistan with cash on delivery.</p><p><a href=""https://www.markaz.app/shop/product/womens-leather-plain-shoulder-bag/758143?ref=mkzx-c686663b-54db-5d52-86d8-87704de1faa6"">View this product on Markaz</a></p>",NAAZ,Shoulder Bag,"Women's Handbags, Shoulder Bags",FALSE,Color,Pink,MKZ-758143-758143001,0,,,continue,manual,2036,TRUE,https://www.markaz.app/api/export/image/1598-37-758143-product-1.webp?src=https%3A%2F%2Fstatic.markaz.app%2Fpakistan%2Fproducts%2F1598-37-758143-product-1.webp,Women's Leather Plain Shoulder Bag,draft
womens-leather-plain-shoulder-bag-mkz-758144,Women's Leather Plain Shoulder Bag,"<ul><li>Material: Leather</li><li>Pattern: Plain</li><li>Number Of Pieces: 1 Pc</li><li>Gender: Women's</li><li>Color: Black</li><li>Package Includes: 1 x Shoulder Bag</li><li>Note: There might be an error of 1-3 cm due to manual measurement, and slight color differences may occur as a result of varying lighting and monitor effects.</li><li>Product Code: MZ1598203237TEWHHB</li></ul><p>Delivered across Pakistan with cash on delivery.</p><p><a href=""https://www.markaz.app/shop/product/womens-leather-plain-shoulder-bag/758144?ref=mkzx-c686663b-54db-5d52-86d8-87704de1faa6"">View this product on Markaz</a></p>",NAAZ,Shoulder Bag,"Women's Handbags, Shoulder Bags",FALSE,Color,Black,MKZ-758144-758144001,0,,,continue,manual,2036,TRUE,https://www.markaz.app/api/export/image/1598-37-758144-product-1.webp?src=https%3A%2F%2Fstatic.markaz.app%2Fpakistan%2Fproducts%2F1598-37-758144-product-1.webp,Women's Leather Plain Shoulder Bag,draft
womens-leather-plain-shoulder-bag-mkz-758145,Women's Leather Plain Shoulder Bag,"<ul><li>Material: Leather</li><li>Pattern: Plain</li><li>Number Of Pieces: 1 Pc</li><li>Gender: Women's</li><li>Color: Purple</li><li>Package Includes: 1 x Shoulder Bag</li><li>Note: There might be an error of 1-3 cm due to manual measurement, and slight color differences may occur as a result of varying lighting and monitor effects.</li><li>Product Code: MZ1598203238TEWHHB</li></ul><p>Delivered across Pakistan with cash on delivery.</p><p><a href=""https://www.markaz.app/shop/product/womens-leather-plain-shoulder-bag/758145?ref=mkzx-c686663b-54db-5d52-86d8-87704de1faa6"">View this product on Markaz</a></p>",NAAZ,Shoulder Bag,"Women's Handbags, Shoulder Bags",FALSE,Color,Purple,MKZ-758145-758145001,0,,,continue,manual,2036,TRUE,https://www.markaz.app/api/export/image/1598-37-758145-product-1.webp?src=https%3A%2F%2Fstatic.markaz.app%2Fpakistan%2Fproducts%2F1598-37-758145-product-1.webp,Women's Leather Plain Shoulder Bag,draft
womens-leather-plain-shoulder-bag-mkz-758146,Women's Leather Plain Shoulder Bag,"<ul><li>Material: Leather</li><li>Pattern: Plain</li><li>Number Of Pieces: 1 Pc</li><li>Gender: Women's</li><li>Color: White</li><li>Package Includes: 1 x Shoulder Bag</li><li>Note: There might be an error of 1-3 cm due to manual measurement, and slight color differences may occur as a result of varying lighting and monitor effects.</li><li>Product Code: MZ1598203239TEWHHB</li></ul><p>Delivered across Pakistan with cash on delivery.</p><p><a href=""https://www.markaz.app/shop/product/womens-leather-plain-shoulder-bag/758146?ref=mkzx-c686663b-54db-5d52-86d8-87704de1faa6"">View this product on Markaz</a></p>",NAAZ,Shoulder Bag,"Women's Handbags, Shoulder Bags",FALSE,Color,White,MKZ-758146-758146001,0,,,continue,manual,2036,TRUE,https://www.markaz.app/api/export/image/1598-37-758146-product-1.webp?src=https%3A%2F%2Fstatic.markaz.app%2Fpakistan%2Fproducts%2F1598-37-758146-product-1.webp,Women's Leather Plain Shoulder Bag,draft
womens-leather-plain-shoulder-bag-mkz-758147,Women's Leather Plain Shoulder Bag,"<ul><li>Material: Leather</li><li>Pattern: Plain</li><li>Number Of Pieces: 1 Pc</li><li>Gender: Women's</li><li>Color: Peach</li><li>Package Includes: 1 x Shoulder Bag</li><li>Note: There might be an error of 1-3 cm due to manual measurement, and slight color differences may occur as a result of varying lighting and monitor effects.</li><li>Product Code: MZ1598203240TEWHHB</li></ul><p>Delivered across Pakistan with cash on delivery.</p><p><a href=""https://www.markaz.app/shop/product/womens-leather-plain-shoulder-bag/758147?ref=mkzx-c686663b-54db-5d52-86d8-87704de1faa6"">View this product on Markaz</a></p>",NAAZ,Shoulder Bag,"Women's Handbags, Shoulder Bags",FALSE,Color,Peach,MKZ-758147-758147001,0,,,continue,manual,2036,TRUE,https://www.markaz.app/api/export/image/1598-37-758147-product-1.webp?src=https%3A%2F%2Fstatic.markaz.app%2Fpakistan%2Fproducts%2F1598-37-758147-product-1.webp,Women's Leather Plain Shoulder Bag,draft
womens-leather-plain-shoulder-bag-mkz-758148,Women's Leather Plain Shoulder Bag,"<ul><li>Material: Leather</li><li>Pattern: Plain</li><li>Number Of Pieces: 1 Pc</li><li>Gender: Women's</li><li>Color: Beige</li><li>Package Includes: 1 x Shoulder Bag</li><li>Note: There might be an error of 1-3 cm due to manual measurement, and slight color differences may occur as a result of varying lighting and monitor effects.</li><li>Product Code: MZ1598203241TEWHHB</li></ul><p>Delivered across Pakistan with cash on delivery.</p><p><a href=""https://www.markaz.app/shop/product/womens-leather-plain-shoulder-bag/758148?ref=mkzx-c686663b-54db-5d52-86d8-87704de1faa6"">View this product on Markaz</a></p>",NAAZ,Shoulder Bag,"Women's Handbags, Shoulder Bags",FALSE,Color,Beige,MKZ-758148-758148001,0,,,continue,manual,2036,TRUE,https://www.markaz.app/api/export/image/1598-37-758148-product-1.webp?src=https%3A%2F%2Fstatic.markaz.app%2Fpakistan%2Fproducts%2F1598-37-758148-product-1.webp,Women's Leather Plain Shoulder Bag,draft
womens-leather-plain-hand-bag-mkz-758239,Women's Leather Plain Hand Bag,"<ul><li>Material: Leather</li><li>Pattern: Plain</li><li>Number Of Pieces: 1 Pc</li><li>Product Feature: Top Handle</li><li>Gender: Women's</li><li>Color: Purple</li><li>Package Includes: 1 x Hand Bag</li><li>Note: There might be an error of 1-3 cm due to manual measurement, and slight color differences may occur as a result of varying lighting and monitor effects.</li><li>Product Code: MZ1454200610SHAH</li></ul><p>Delivered across Pakistan with cash on delivery.</p><p><a href=""https://www.markaz.app/shop/product/womens-leather-plain-hand-bag/758239?ref=mkzx-c686663b-54db-5d52-86d8-87704de1faa6"">View this product on Markaz</a></p>",NAAZ,Hand Bag,"Women's Handbags, Hand Bags",FALSE,Color,Purple,MKZ-758239-758239001,0,,,continue,manual,1538,TRUE,https://www.markaz.app/api/export/image/1454-39-758239-product-1.webp?src=https%3A%2F%2Fstatic.markaz.app%2Fpakistan%2Fproducts%2F1454-39-758239-product-1.webp,Women's Leather Plain Hand Bag,draft
womens-leather-plain-hand-bag-mkz-758241,Women's Leather Plain Hand Bag,"<ul><li>Material: Leather</li><li>Pattern: Plain</li><li>Number Of Pieces: 1 Pc</li><li>Product Feature: Top Handle</li><li>Gender: Women's</li><li>Color: Peach</li><li>Package Includes: 1 x Hand Bag</li><li>Note: There might be an error of 1-3 cm due to manual measurement, and slight color differences may occur as a result of varying lighting and monitor effects.</li><li>Product Code: MZ1454200611SHAH</li></ul><p>Delivered across Pakistan with cash on delivery.</p><p><a href=""https://www.markaz.app/shop/product/womens-leather-plain-hand-bag/758241?ref=mkzx-c686663b-54db-5d52-86d8-87704de1faa6"">View this product on Markaz</a></p>",NAAZ,Hand Bag,"Women's Handbags, Hand Bags",FALSE,Color,Peach,MKZ-758241-758241001,0,,,continue,manual,1538,TRUE,https://www.markaz.app/api/export/image/1454-39-758241-product-1.webp?src=https%3A%2F%2Fstatic.markaz.app%2Fpakistan%2Fproducts%2F1454-39-758241-product-1.webp,Women's Leather Plain Hand Bag,draft
womens-leather-plain-hand-bag-mkz-758242,Women's Leather Plain Hand Bag,"<ul><li>Material: Leather</li><li>Pattern: Plain</li><li>Number Of Pieces: 1 Pc</li><li>Product Feature: Top Handle</li><li>Gender: Women's</li><li>Color: Black</li><li>Package Includes: 1 x Hand Bag</li><li>Note: There might be an error of 1-3 cm due to manual measurement, and slight color differences may occur as a result of varying lighting and monitor effects.</li><li>Product Code: MZ1454200612SHAH</li></ul><p>Delivered across Pakistan with cash on delivery.</p><p><a href=""https://www.markaz.app/shop/product/womens-leather-plain-hand-bag/758242?ref=mkzx-c686663b-54db-5d52-86d8-87704de1faa6"">View this product on Markaz</a></p>",NAAZ,Hand Bag,"Women's Handbags, Hand Bags",FALSE,Color,Black,MKZ-758242-758242001,0,,,continue,manual,1538,TRUE,https://www.markaz.app/api/export/image/1454-39-758242-product-1.webp?src=https%3A%2F%2Fstatic.markaz.app%2Fpakistan%2Fproducts%2F1454-39-758242-product-1.webp,Women's Leather Plain Hand Bag,draft
womens-leather-plain-hand-bag-mkz-758243,Women's Leather Plain Hand Bag,"<ul><li>Material: Leather</li><li>Pattern: Plain</li><li>Number Of Pieces: 1 Pc</li><li>Product Feature: Top Handle</li><li>Gender: Women's</li><li>Color: Grey</li><li>Package Includes: 1 x Hand Bag</li><li>Note: There might be an error of 1-3 cm due to manual measurement, and slight color differences may occur as a result of varying lighting and monitor effects.</li><li>Product Code: MZ1454200613SHAH</li></ul><p>Delivered across Pakistan with cash on delivery.</p><p><a href=""https://www.markaz.app/shop/product/womens-leather-plain-hand-bag/758243?ref=mkzx-c686663b-54db-5d52-86d8-87704de1faa6"">View this product on Markaz</a></p>",NAAZ,Hand Bag,"Women's Handbags, Hand Bags",FALSE,Color,Grey,MKZ-758243-758243001,0,,,continue,manual,1538,TRUE,https://www.markaz.app/api/export/image/1454-39-758243-product-1.webp?src=https%3A%2F%2Fstatic.markaz.app%2Fpakistan%2Fproducts%2F1454-39-758243-product-1.webp,Women's Leather Plain Hand Bag,draft
womens-leather-plain-hand-bag-mkz-758244,Women's Leather Plain Hand Bag,"<ul><li>Material: Leather</li><li>Pattern: Plain</li><li>Number Of Pieces: 1 Pc</li><li>Product Feature: Top Handle</li><li>Gender: Women's</li><li>Color: Maroon</li><li>Package Includes: 1 x Hand Bag</li><li>Note: There might be an error of 1-3 cm due to manual measurement, and slight color differences may occur as a result of varying lighting and monitor effects.</li><li>Product Code: MZ1454200614SHAH</li></ul><p>Delivered across Pakistan with cash on delivery.</p><p><a href=""https://www.markaz.app/shop/product/womens-leather-plain-hand-bag/758244?ref=mkzx-c686663b-54db-5d52-86d8-87704de1faa6"">View this product on Markaz</a></p>",NAAZ,Hand Bag,"Women's Handbags, Hand Bags",FALSE,Color,Maroon,MKZ-758244-758244001,0,,,continue,manual,1538,TRUE,https://www.markaz.app/api/export/image/1454-39-758244-product-1.webp?src=https%3A%2F%2Fstatic.markaz.app%2Fpakistan%2Fproducts%2F1454-39-758244-product-1.webp,Women's Leather Plain Hand Bag,draft
womens-leather-plain-hand-bag-mkz-758245,Women's Leather Plain Hand Bag,"<ul><li>Material: Leather</li><li>Pattern: Plain</li><li>Number Of Pieces: 1 Pc</li><li>Product Feature: Top Handle</li><li>Gender: Women's</li><li>Color: Mustard</li><li>Package Includes: 1 x Hand Bag</li><li>Note: There might be an error of 1-3 cm due to manual measurement, and slight color differences may occur as a result of varying lighting and monitor effects.</li><li>Product Code: MZ1454200615SHAH</li></ul><p>Delivered across Pakistan with cash on delivery.</p><p><a href=""https://www.markaz.app/shop/product/womens-leather-plain-hand-bag/758245?ref=mkzx-c686663b-54db-5d52-86d8-87704de1faa6"">View this product on Markaz</a></p>",NAAZ,Hand Bag,"Women's Handbags, Hand Bags",FALSE,Color,Mustard,MKZ-758245-758245001,0,,,continue,manual,1538,TRUE,https://www.markaz.app/api/export/image/1454-39-758245-product-1.webp?src=https%3A%2F%2Fstatic.markaz.app%2Fpakistan%2Fproducts%2F1454-39-758245-product-1.webp,Women's Leather Plain Hand Bag,draft
peach-leather-3-piece-handbag-set-for-women-mkz-708716,Peach Leather 3-Piece Handbag Set for Women,"<p>Looking for a chic, practical handbag set that won’t break the bank? This premium quality 3-piece leather set is the perfect blend of elegance and durability for Pakistani women on the go. The soft peach hue is effortlessly stylish, ideal for weddings, office wear, or casual outings. You’ll love how it complements your outfit while keeping your essentials secure.</p><p>Crafted from genuine leather, each piece in this set is built to last. The main handbag features a top handle with gold-tone hardware for a luxurious touch, while the included crossbody and clutch offer versatile carrying options. The material is not only durable but also smooth to the touch, resisting scratches and wear over time. The plain design makes it a timeless addition to your wardrobe, suitable for any occasion. As a new arrival, it’s designed with Pakistani shoppers in mind — offering both fashion and function at the best price in Pakistan.</p><p>- Made from genuine leather for long-lasting durability</p><p>- Set includes 3 pieces: large handbag, crossbody, and clutch</p><p>- Soft peach color with gold-tone hardware for a chic look</p><p>- Dimensions: 8 inches long x 10 inches wide — perfect for daily use</p><p>- Lightweight and easy to carry, ideal for office or casual wear</p><p>- New arrival with premium quality craftsmanship for Pakistani women</p><ul><li>Material: Leather</li><li>Pattern: Plain</li><li>Number Of Pieces: 3 Pcs</li><li>Product Feature: Top Handle</li><li>Gender: Women's</li><li>Color: Peach</li><li>Package Includes: 3 x Hand Bag Set</li><li>Length: 8 Inches</li><li>Width: 10 Inches</li><li>Note: There might be an error of 1-3 cm due to manual measurement, and slight color differences may occur as a result of varying lighting and monitor effects.</li><li>Product Code: MZ1598201915TEWHHB</li></ul><p>Delivered across Pakistan with cash on delivery.</p><p><a href=""https://www.markaz.app/shop/product/peach-leather-3-piece-handbag-set-for-women/708716?ref=mkzx-c686663b-54db-5d52-86d8-87704de1faa6"">View this product on Markaz</a></p>",NAAZ,Hand Bag Set,"Women's Handbags, Hand Bags",FALSE,Color,Peach,MKZ-708716-708716001,0,,,continue,manual,1911,TRUE,https://www.markaz.app/api/export/image/1598-39-708716-product-1.webp?src=https%3A%2F%2Fstatic.markaz.app%2Fpakistan%2Fproducts%2F1598-39-708716-product-1.webp,Peach Leather 3-Piece Handbag Set for Women,draft
womens-leather-plain-shoulder-bag-mkz-756465,Women's Leather Plain Shoulder Bag,"<ul><li>Material: Leather</li><li>Pattern: Plain</li><li>Number Of Pieces: 1 Pc</li><li>Gender: Women's</li><li>Color: Black</li><li>Package Includes: 1 x Shoulder Bag</li><li>Length: 7 Inches</li><li>Width: 10 Inches</li><li>Note: There might be an error of 1-3 cm due to manual measurement, and slight color differences may occur as a result of varying lighting and monitor effects.</li><li>Product Code: MZ1598203200TEWHHB</li></ul><p>Delivered across Pakistan with cash on delivery.</p><p><a href=""https://www.markaz.app/shop/product/womens-leather-plain-shoulder-bag/756465?ref=mkzx-c686663b-54db-5d52-86d8-87704de1faa6"">View this product on Markaz</a></p>",NAAZ,Shoulder Bag,"Women's Handbags, Shoulder Bags",FALSE,Color,Black,MKZ-756465-756465001,0,,,continue,manual,1911,TRUE,https://www.markaz.app/api/export/image/1598-37-756465-product-1.webp?src=https%3A%2F%2Fstatic.markaz.app%2Fpakistan%2Fproducts%2F1598-37-756465-product-1.webp,Women's Leather Plain Shoulder Bag,draft
black-rexine-womens-tote-bag-11x14-top-handle-mkz-690583,"Black Rexine Women's Tote Bag 11x14"" Top Handle","<p>Perfect for daily commutes or office use, this tote bag combines elegance with practicality for the modern Pakistani woman. Its smooth finish and multicolor design make it a stylish statement piece that complements any outfit, while its durable rexine construction ensures it lasts through busy days and seasonal changes. Whether you’re heading to work, shopping, or a casual outing, this bag offers the best price in Pakistan without compromising on quality or style.</p><p>Crafted with premium materials, this tote bag delivers long-lasting performance. The rexine fabric is resistant to wear and tear, making it ideal for everyday use. Its top handle design allows for easy carry, while the spacious 11x14 inch dimensions comfortably fit essentials like your phone, wallet, and documents. The plain pattern adds a timeless touch, making it versatile for both professional and casual settings. Designed for women, it’s a smart investment that blends fashion with function.</p><p>- Made from durable rexine material for long-lasting use</p><p>- Multicolor design adds a stylish, modern touch</p><p>- Smooth finish and plain pattern for versatile styling</p><p>- Top handle for easy, comfortable carrying</p><p>- Dimensions: 11 inches long x 14 inches wide</p><p>- New arrival – best price in Pakistan for premium quality</p><ul><li>Material: Rexine</li><li>Pattern: Plain</li><li>Number Of Pieces: 1 Pc</li><li>Product Feature: Top Handle</li><li>Gender: Women's</li><li>Color: Multicolor</li><li>Package Includes: 1 x Tote Bag</li><li>Length: 11 Inches</li><li>Width: 14 Inches</li><li>Note: There might be an error of 1-3 cm due to manual measurement, and slight color differences may occur as a result of varying lighting and monitor effects.</li><li>Product Code: MZ1459200292TEBGMR</li></ul><p>Delivered across Pakistan with cash on delivery.</p><p><a href=""https://www.markaz.app/shop/product/black-rexine-womens-tote-bag-11x14-top-handle/690583?ref=mkzx-c686663b-54db-5d52-86d8-87704de1faa6"">View this product on Markaz</a></p>",NAAZ,Tote Bag,"Women's Handbags, Hand Bags",FALSE,Color,Black,MKZ-690583-690583001,0,,,continue,manual,2163,TRUE,https://www.markaz.app/api/export/image/1459-39-690583-product-1.webp?src=https%3A%2F%2Fstatic.markaz.app%2Fpakistan%2Fproducts%2F1459-39-690583-product-1.webp,"Black Rexine Women's Tote Bag 11x14"" Top Handle",draft
black-rexine-womens-tote-bag-11x14-top-handle-mkz-690583,,,,,,,,Blue,MKZ-690583-690583002,0,,,continue,manual,2163,TRUE,,,
black-rexine-womens-tote-bag-11x14-top-handle-mkz-690583,,,,,,,,Brown,MKZ-690583-690583003,0,,,continue,manual,2163,TRUE,,,
black-rexine-womens-tote-bag-11x14-top-handle-mkz-690583,,,,,,,,Maroon,MKZ-690583-690583004,0,,,continue,manual,2163,TRUE,,,
black-rexine-womens-tote-bag-11x14-top-handle-mkz-690583,,,,,,,,Mustard,MKZ-690583-690583005,0,,,continue,manual,2163,TRUE,,,
black-rexine-womens-tote-bag-11x14-top-handle-mkz-690583,,,,,,,,,,,,,,,,,https://www.markaz.app/api/export/image/1459-39-690583-product-2.webp?src=https%3A%2F%2Fstatic.markaz.app%2Fpakistan%2Fproducts%2F1459-39-690583-product-2.webp,"Black Rexine Women's Tote Bag 11x14"" Top Handle",
black-rexine-womens-tote-bag-11x14-top-handle-mkz-690583,,,,,,,,,,,,,,,,,https://www.markaz.app/api/export/image/1459-39-690583-product-3.webp?src=https%3A%2F%2Fstatic.markaz.app%2Fpakistan%2Fproducts%2F1459-39-690583-product-3.webp,"Black Rexine Women's Tote Bag 11x14"" Top Handle",
black-rexine-womens-tote-bag-11x14-top-handle-mkz-690583,,,,,,,,,,,,,,,,,https://www.markaz.app/api/export/image/1459-39-690583-product-4.webp?src=https%3A%2F%2Fstatic.markaz.app%2Fpakistan%2Fproducts%2F1459-39-690583-product-4.webp,"Black Rexine Women's Tote Bag 11x14"" Top Handle",
black-rexine-womens-tote-bag-11x14-top-handle-mkz-690583,,,,,,,,,,,,,,,,,https://www.markaz.app/api/export/image/1459-39-690583-product-5.webp?src=https%3A%2F%2Fstatic.markaz.app%2Fpakistan%2Fproducts%2F1459-39-690583-product-5.webp,"Black Rexine Women's Tote Bag 11x14"" Top Handle",
black-rexine-womens-tote-bag-11x14-top-handle-mkz-690583,,,,,,,,,,,,,,,,,https://www.markaz.app/api/export/image/1459-39-690583-product-6.webp?src=https%3A%2F%2Fstatic.markaz.app%2Fpakistan%2Fproducts%2F1459-39-690583-product-6.webp,"Black Rexine Women's Tote Bag 11x14"" Top Handle",
black-rexine-womens-tote-bag-11x14-top-handle-mkz-690583,,,,,,,,,,,,,,,,,https://www.markaz.app/api/export/image/1459-39-690583-product-7.webp?src=https%3A%2F%2Fstatic.markaz.app%2Fpakistan%2Fproducts%2F1459-39-690583-product-7.webp,"Black Rexine Women's Tote Bag 11x14"" Top Handle",
black-rexine-womens-tote-bag-11x14-top-handle-mkz-690583,,,,,,,,,,,,,,,,,https://www.markaz.app/api/export/image/1459-39-690583-product-9.webp?src=https%3A%2F%2Fstatic.markaz.app%2Fpakistan%2Fproducts%2F1459-39-690583-product-9.webp,"Black Rexine Women's Tote Bag 11x14"" Top Handle",
black-rexine-womens-tote-bag-11x14-top-handle-mkz-690583,,,,,,,,,,,,,,,,,https://www.markaz.app/api/export/image/1459-39-690583-product-10.webp?src=https%3A%2F%2Fstatic.markaz.app%2Fpakistan%2Fproducts%2F1459-39-690583-product-10.webp,"Black Rexine Women's Tote Bag 11x14"" Top Handle",
green-5-piece-leather-handbag-set-for-women-mkz-686922,Green 5-Piece Leather Handbag Set for Women,"<p>Looking for a stylish, durable handbag that fits every occasion? This premium quality women’s leather handbag is perfect for weddings, Eid, or daily office wear in Pakistan. Designed with a chic, plain look and a comfortable top handle, it’s ideal for local weather and busy lifestyles. Whether you’re dressing for a formal event or casual outings, this bag offers both elegance and practicality.</p><p>Made from high-grade synthetic leather, this bag is water-resistant, lightweight, and built to last. Its sturdy construction ensures it can handle daily use without fading or tearing. The spacious interior includes an inner cash pocket and card holder for easy organization. The soft, smooth texture feels luxurious while remaining comfortable to carry. With its versatile design, it pairs effortlessly with traditional or modern outfits.</p><p>- Durable synthetic leather that resists wear and tear</p><p>- Stylish plain design with a chic top handle</p><p>- Spacious interior with inner cash pocket and card holder</p><p>- Lightweight and comfortable for daily wear</p><p>- Water-resistant and dust-resistant for all seasons</p><p>- Available in multiple colors: Blue, Beige, Pink, Green, Grey</p><p>- New arrival with best price in Pakistan for the season</p><ul><li>Material: Leather</li><li>Pattern: Plain</li><li>Number Of Pieces: 5 Pcs</li><li>Product Feature: Top Handle</li><li>Gender: Women's</li><li>Color: Blue, Beige, Pink, Green, Grey</li><li>Package Includes: 1 x Hand Bag</li><li>Length: 9 Inches</li><li>Width: 7 Inches</li><li>Height: 8 Inches</li><li>High Quality Cynthetic Leather 5 Piece Set With Cloud Bag Long wallet Zipper Wallet And Mini wallet</li><li>Brand : Jimmy Choo</li><li>Note: There might be an error of 1-3 cm due to manual measurement, and slight color differences may occur as a result of varying lighting and monitor effects.</li><li>Product Code: MZ2105200018PEUUBYMF</li></ul><p>Delivered across Pakistan with cash on delivery.</p><p><a href=""https://www.markaz.app/shop/product/green-5-piece-leather-handbag-set-for-women/686922?ref=mkzx-c686663b-54db-5d52-86d8-87704de1faa6"">View this product on Markaz</a></p>",NAAZ,Hand Bag,"Women's Handbags, Hand Bags",FALSE,Color,Blue,MKZ-686922-686922001,0,,,continue,manual,1849,TRUE,https://www.markaz.app/api/export/image/2105-39-686922-product-1.webp?src=https%3A%2F%2Fstatic.markaz.app%2Fpakistan%2Fproducts%2F2105-39-686922-product-1.webp,Green 5-Piece Leather Handbag Set for Women,draft
green-5-piece-leather-handbag-set-for-women-mkz-686922,,,,,,,,Beige,MKZ-686922-686922002,0,,,continue,manual,1849,TRUE,,,
green-5-piece-leather-handbag-set-for-women-mkz-686922,,,,,,,,Pink,MKZ-686922-686922003,0,,,continue,manual,1849,TRUE,,,
green-5-piece-leather-handbag-set-for-women-mkz-686922,,,,,,,,Green,MKZ-686922-686922004,0,,,continue,manual,1849,TRUE,,,
green-5-piece-leather-handbag-set-for-women-mkz-686922,,,,,,,,Grey,MKZ-686922-686922005,0,,,continue,manual,1849,TRUE,,,
green-5-piece-leather-handbag-set-for-women-mkz-686922,,,,,,,,,,,,,,,,,https://www.markaz.app/api/export/image/2105-39-686922-product-2.webp?src=https%3A%2F%2Fstatic.markaz.app%2Fpakistan%2Fproducts%2F2105-39-686922-product-2.webp,Green 5-Piece Leather Handbag Set for Women,
green-5-piece-leather-handbag-set-for-women-mkz-686922,,,,,,,,,,,,,,,,,https://www.markaz.app/api/export/image/2105-39-686922-product-3.webp?src=https%3A%2F%2Fstatic.markaz.app%2Fpakistan%2Fproducts%2F2105-39-686922-product-3.webp,Green 5-Piece Leather Handbag Set for Women,
green-5-piece-leather-handbag-set-for-women-mkz-686922,,,,,,,,,,,,,,,,,https://www.markaz.app/api/export/image/2105-39-686922-product-4.webp?src=https%3A%2F%2Fstatic.markaz.app%2Fpakistan%2Fproducts%2F2105-39-686922-product-4.webp,Green 5-Piece Leather Handbag Set for Women,
green-5-piece-leather-handbag-set-for-women-mkz-686922,,,,,,,,,,,,,,,,,https://www.markaz.app/api/export/image/2105-39-686922-product-5.webp?src=https%3A%2F%2Fstatic.markaz.app%2Fpakistan%2Fproducts%2F2105-39-686922-product-5.webp,Green 5-Piece Leather Handbag Set for Women,
green-5-piece-leather-handbag-set-for-women-mkz-686922,,,,,,,,,,,,,,,,,https://www.markaz.app/api/export/image/2105-39-686922-product-6.webp?src=https%3A%2F%2Fstatic.markaz.app%2Fpakistan%2Fproducts%2F2105-39-686922-product-6.webp,Green 5-Piece Leather Handbag Set for Women,
womens-leather-plain-hand-bag-mkz-758247,Women's Leather Plain Hand Bag,"<ul><li>Material: Leather</li><li>Pattern: Plain</li><li>Number Of Pieces: 1 Pc</li><li>Product Feature: Top Handle</li><li>Gender: Women's</li><li>Color: Brown</li><li>Package Includes: 1 x Hand Bag</li><li>Note: There might be an error of 1-3 cm due to manual measurement, and slight color differences may occur as a result of varying lighting and monitor effects.</li><li>Product Code: MZ1454200617SHAH</li></ul><p>Delivered across Pakistan with cash on delivery.</p><p><a href=""https://www.markaz.app/shop/product/womens-leather-plain-hand-bag/758247?ref=mkzx-c686663b-54db-5d52-86d8-87704de1faa6"">View this product on Markaz</a></p>",NAAZ,Hand Bag,"Women's Handbags, Hand Bags",FALSE,Color,Brown,MKZ-758247-758247001,0,,,continue,manual,1538,TRUE,https://www.markaz.app/api/export/image/1454-39-758247-product-1.webp?src=https%3A%2F%2Fstatic.markaz.app%2Fpakistan%2Fproducts%2F1454-39-758247-product-1.webp,Women's Leather Plain Hand Bag,draft
womens-leather-plain-hand-bag-mkz-758246,Women's Leather Plain Hand Bag,"<ul><li>Material: Leather</li><li>Pattern: Plain</li><li>Number Of Pieces: 1 Pc</li><li>Product Feature: Top Handle</li><li>Gender: Women's</li><li>Color: Green</li><li>Package Includes: 1 x Hand Bag</li><li>Note: There might be an error of 1-3 cm due to manual measurement, and slight color differences may occur as a result of varying lighting and monitor effects.</li><li>Product Code: MZ1454200616SHAH</li></ul><p>Delivered across Pakistan with cash on delivery.</p><p><a href=""https://www.markaz.app/shop/product/womens-leather-plain-hand-bag/758246?ref=mkzx-c686663b-54db-5d52-86d8-87704de1faa6"">View this product on Markaz</a></p>",NAAZ,Hand Bag,"Women's Handbags, Hand Bags",FALSE,Color,Green,MKZ-758246-758246001,0,,,continue,manual,1538,TRUE,https://www.markaz.app/api/export/image/1454-39-758246-product-1.webp?src=https%3A%2F%2Fstatic.markaz.app%2Fpakistan%2Fproducts%2F1454-39-758246-product-1.webp,Women's Leather Plain Hand Bag,draft
womens-pink-rexine-handbag-set-5-pcs-mkz-517885,Women's Pink Rexine Handbag Set 5 Pcs,"<p>Elevate your accessory game with this chic Women's Hand Bag Set. Made from durable rexine, this plain-patterned bag set comes in a variety of vibrant colors including maroon, black, blue, pink, mustard, grey, green, and brown. Perfect for daily use, this 5 Pcs set offers versatility and style for any occasion.</p><ul><li>Material: Rexine</li><li>Pattern: Plain</li><li>Number Of Pieces: 5 Pcs</li><li>Product Feature: Top Handle</li><li>Gender: Women's</li><li>Color: Maroon, Black, Blue, Pink, Mustard, Grey, Green, Brown</li><li>Package Includes: 1 x Hand Bag Set</li><li>Length: 8 Inches</li><li>Width: 3 Inches</li><li>Height: 10 Inches</li><li>Note: There might be an error of 1-3 cm due to manual measurement, and slight color differences may occur as a result of varying lighting and monitor effects.</li><li>Product Code: MZ1555200009LIFN</li></ul><p>Delivered across Pakistan with cash on delivery.</p><p><a href=""https://www.markaz.app/shop/product/womens-pink-rexine-handbag-set-5-pcs/517885?ref=mkzx-c686663b-54db-5d52-86d8-87704de1faa6"">View this product on Markaz</a></p>",NAAZ,Hand Bag Set,"Women's Handbags, Hand Bags",FALSE,Color,Maroon,MKZ-517885-517885001,0,,,continue,manual,1850,TRUE,https://www.markaz.app/api/export/image/1555-39-517885-product-1.jpeg?src=https%3A%2F%2Fstatic.markaz.app%2Fpakistan%2Fproducts%2F1555-39-517885-product-1.jpeg,Women's Pink Rexine Handbag Set 5 Pcs,draft
womens-pink-rexine-handbag-set-5-pcs-mkz-517885,,,,,,,,Black,MKZ-517885-517885002,0,,,continue,manual,1850,TRUE,,,
womens-pink-rexine-handbag-set-5-pcs-mkz-517885,,,,,,,,Blue,MKZ-517885-517885003,0,,,continue,manual,1850,TRUE,,,
womens-pink-rexine-handbag-set-5-pcs-mkz-517885,,,,,,,,Pink,MKZ-517885-517885004,0,,,continue,manual,1850,TRUE,,,
womens-pink-rexine-handbag-set-5-pcs-mkz-517885,,,,,,,,Green,MKZ-517885-517885007,0,,,continue,manual,1850,TRUE,,,
womens-pink-rexine-handbag-set-5-pcs-mkz-517885,,,,,,,,Brown,MKZ-517885-517885008,0,,,continue,manual,1850,TRUE,,,
womens-pink-rexine-handbag-set-5-pcs-mkz-517885,,,,,,,,,,,,,,,,,https://www.markaz.app/api/export/image/1555-39-517885-product-2.jpeg?src=https%3A%2F%2Fstatic.markaz.app%2Fpakistan%2Fproducts%2F1555-39-517885-product-2.jpeg,Women's Pink Rexine Handbag Set 5 Pcs,
womens-pink-rexine-handbag-set-5-pcs-mkz-517885,,,,,,,,,,,,,,,,,https://www.markaz.app/api/export/image/1555-39-517885-product-3.jpeg?src=https%3A%2F%2Fstatic.markaz.app%2Fpakistan%2Fproducts%2F1555-39-517885-product-3.jpeg,Women's Pink Rexine Handbag Set 5 Pcs,
womens-pink-rexine-handbag-set-5-pcs-mkz-517885,,,,,,,,,,,,,,,,,https://www.markaz.app/api/export/image/1555-39-517885-product-4.jpeg?src=https%3A%2F%2Fstatic.markaz.app%2Fpakistan%2Fproducts%2F1555-39-517885-product-4.jpeg,Women's Pink Rexine Handbag Set 5 Pcs,
womens-pink-rexine-handbag-set-5-pcs-mkz-517885,,,,,,,,,,,,,,,,,https://www.markaz.app/api/export/image/1555-39-517885-product-5.jpeg?src=https%3A%2F%2Fstatic.markaz.app%2Fpakistan%2Fproducts%2F1555-39-517885-product-5.jpeg,Women's Pink Rexine Handbag Set 5 Pcs,
womens-pink-rexine-handbag-set-5-pcs-mkz-517885,,,,,,,,,,,,,,,,,https://www.markaz.app/api/export/image/1555-39-517885-product-6.jpeg?src=https%3A%2F%2Fstatic.markaz.app%2Fpakistan%2Fproducts%2F1555-39-517885-product-6.jpeg,Women's Pink Rexine Handbag Set 5 Pcs,
womens-pink-rexine-handbag-set-5-pcs-mkz-517885,,,,,,,,,,,,,,,,,https://www.markaz.app/api/export/image/1555-39-517885-product-8.jpeg?src=https%3A%2F%2Fstatic.markaz.app%2Fpakistan%2Fproducts%2F1555-39-517885-product-8.jpeg,Women's Pink Rexine Handbag Set 5 Pcs,
womens-pink-rexine-handbag-set-5-pcs-mkz-517885,,,,,,,,,,,,,,,,,https://www.markaz.app/api/export/image/1555-39-517885-product-9.jpeg?src=https%3A%2F%2Fstatic.markaz.app%2Fpakistan%2Fproducts%2F1555-39-517885-product-9.jpeg,Women's Pink Rexine Handbag Set 5 Pcs,
womens-pink-rexine-handbag-set-5-pcs-mkz-517885,,,,,,,,,,,,,,,,,https://www.markaz.app/api/export/image/1555-39-517885-product-1-withcode.jpeg?src=https%3A%2F%2Fstatic.markaz.app%2Fpakistan%2Fproducts%2F1555-39-517885-product-1-withcode.jpeg,Women's Pink Rexine Handbag Set 5 Pcs,
womens-pink-rexine-handbag-set-5-pcs-mkz-517885,,,,,,,,,,,,,,,,,https://www.markaz.app/api/export/image/1555-39-517885-product-10.jpeg?src=https%3A%2F%2Fstatic.markaz.app%2Fpakistan%2Fproducts%2F1555-39-517885-product-10.jpeg,Women's Pink Rexine Handbag Set 5 Pcs,
womens-pu-leather-plain-hand-bag-set-mkz-660653,Women's PU Leather Plain Hand Bag Set,"<ul><li>Material: PU Leather</li><li>Pattern: Plain</li><li>Number Of Pieces: 1 Pc</li><li>Product Feature: Top Handle</li><li>Gender: Women's</li><li>Color: Blue</li><li>Package Includes: 1 x Hand Bag Set</li><li>Length: 10 Inches</li><li>Width: 6 Inches</li><li>Height: 10 Inches</li><li>Note: There might be an error of 1-3 cm due to manual measurement, and slight color differences may occur as a result of varying lighting and monitor effects.</li><li>Product Code: MZ1598200756TEWHHB</li></ul><p>Delivered across Pakistan with cash on delivery.</p><p><a href=""https://www.markaz.app/shop/product/womens-pu-leather-plain-hand-bag-set/660653?ref=mkzx-c686663b-54db-5d52-86d8-87704de1faa6"">View this product on Markaz</a></p>",NAAZ,Hand Bag Set,"Women's Handbags, Hand Bags",FALSE,Color,Blue,MKZ-660653-660653001,0,,,continue,manual,1600,TRUE,https://www.markaz.app/api/export/image/1598-39-660653-product-1.webp?src=https%3A%2F%2Fstatic.markaz.app%2Fpakistan%2Fproducts%2F1598-39-660653-product-1.webp,Women's PU Leather Plain Hand Bag Set,draft
maroon-black-handbag-wallet-set-for-women-mkz-665214,Maroon Black Handbag & Wallet Set for Women,"<p>This elegant handbag set is perfect for Pakistani women who want to look chic without breaking the bank. Designed for everyday use, it’s ideal for office, school, or casual outings, and its maroon and black color combo complements any outfit. The top handle design ensures easy carrying, while the durable rexine material guarantees long-lasting use even with daily wear.</p><p>The set includes a spacious handbag with a stylish white pom-pom charm and a matching wallet, making it both practical and fashionable. The rexine material is strong and resistant to wear, ensuring your belongings stay safe. The black adjustable strap adds versatility, letting you carry it over the shoulder or as a handbag. The gold-tone hardware adds a touch of luxury, while the plain design keeps it timeless and easy to pair with any outfit.</p><p>- Premium Quality Rexine Material</p><p>- Stylish Maroon and Black Color Combo</p><p>- Includes 2 Pieces: Handbag + Wallet</p><p>- Durable and Lightweight Design</p><p>- Adjustable Black Strap with Gold Hardware</p><p>- Perfect for Daily Wear and Special Occasions</p><ul><li>Material: Rexine</li><li>Pattern: Plain</li><li>Number Of Pieces: 2 Pcs</li><li>Product Feature: Top Handle</li><li>Gender: Girl's</li><li>Color: Black, Maroon</li><li>Package Includes: 1 x Hand Bag Set</li><li>Length: 11 Inches</li><li>Width: 3 Inches</li><li>Height: 8 Inches</li><li>Note: There might be an error of 1-3 cm due to manual measurement, and slight color differences may occur as a result of varying lighting and monitor effects.</li><li>Product Code: MZ1459200270TEBGMR</li></ul><p>Delivered across Pakistan with cash on delivery.</p><p><a href=""https://www.markaz.app/shop/product/maroon-black-handbag-wallet-set-for-women/665214?ref=mkzx-c686663b-54db-5d52-86d8-87704de1faa6"">View this product on Markaz</a></p>",NAAZ,Hand Bag Set,"Women's Handbags, Hand Bags",FALSE,Color,Maroon,MKZ-665214-665214001,0,,,continue,manual,2536,TRUE,https://www.markaz.app/api/export/image/1459-39-665214-product-1.webp?src=https%3A%2F%2Fstatic.markaz.app%2Fpakistan%2Fproducts%2F1459-39-665214-product-1.webp,Maroon Black Handbag & Wallet Set for Women,draft
maroon-black-handbag-wallet-set-for-women-mkz-665214,,,,,,,,Black,MKZ-665214-665214002,0,,,continue,manual,2536,TRUE,,,
maroon-black-handbag-wallet-set-for-women-mkz-665214,,,,,,,,Pink,MKZ-665214-665214003,0,,,continue,manual,2536,TRUE,,,
maroon-black-handbag-wallet-set-for-women-mkz-665214,,,,,,,,Blue,MKZ-665214-665214004,0,,,continue,manual,2536,TRUE,,,
maroon-black-handbag-wallet-set-for-women-mkz-665214,,,,,,,,Grey,MKZ-665214-665214005,0,,,continue,manual,2536,TRUE,,,
maroon-black-handbag-wallet-set-for-women-mkz-665214,,,,,,,,Green,MKZ-665214-665214006,0,,,continue,manual,2536,TRUE,,,
maroon-black-handbag-wallet-set-for-women-mkz-665214,,,,,,,,Mustard,MKZ-665214-665214007,0,,,continue,manual,2536,TRUE,,,
maroon-black-handbag-wallet-set-for-women-mkz-665214,,,,,,,,Brown,MKZ-665214-665214008,0,,,continue,manual,2536,TRUE,,,
maroon-black-handbag-wallet-set-for-women-mkz-665214,,,,,,,,,,,,,,,,,https://www.markaz.app/api/export/image/1459-39-665214-product-2.webp?src=https%3A%2F%2Fstatic.markaz.app%2Fpakistan%2Fproducts%2F1459-39-665214-product-2.webp,Maroon Black Handbag & Wallet Set for Women,
maroon-black-handbag-wallet-set-for-women-mkz-665214,,,,,,,,,,,,,,,,,https://www.markaz.app/api/export/image/1459-39-665214-product-3.webp?src=https%3A%2F%2Fstatic.markaz.app%2Fpakistan%2Fproducts%2F1459-39-665214-product-3.webp,Maroon Black Handbag & Wallet Set for Women,
maroon-black-handbag-wallet-set-for-women-mkz-665214,,,,,,,,,,,,,,,,,https://www.markaz.app/api/export/image/1459-39-665214-product-4.webp?src=https%3A%2F%2Fstatic.markaz.app%2Fpakistan%2Fproducts%2F1459-39-665214-product-4.webp,Maroon Black Handbag & Wallet Set for Women,
maroon-black-handbag-wallet-set-for-women-mkz-665214,,,,,,,,,,,,,,,,,https://www.markaz.app/api/export/image/1459-39-665214-product-5.webp?src=https%3A%2F%2Fstatic.markaz.app%2Fpakistan%2Fproducts%2F1459-39-665214-product-5.webp,Maroon Black Handbag & Wallet Set for Women,
maroon-black-handbag-wallet-set-for-women-mkz-665214,,,,,,,,,,,,,,,,,https://www.markaz.app/api/export/image/1459-39-665214-product-6.webp?src=https%3A%2F%2Fstatic.markaz.app%2Fpakistan%2Fproducts%2F1459-39-665214-product-6.webp,Maroon Black Handbag & Wallet Set for Women,
maroon-black-handbag-wallet-set-for-women-mkz-665214,,,,,,,,,,,,,,,,,https://www.markaz.app/api/export/image/1459-39-665214-product-7.webp?src=https%3A%2F%2Fstatic.markaz.app%2Fpakistan%2Fproducts%2F1459-39-665214-product-7.webp,Maroon Black Handbag & Wallet Set for Women,
maroon-black-handbag-wallet-set-for-women-mkz-665214,,,,,,,,,,,,,,,,,https://www.markaz.app/api/export/image/1459-39-665214-product-8.webp?src=https%3A%2F%2Fstatic.markaz.app%2Fpakistan%2Fproducts%2F1459-39-665214-product-8.webp,Maroon Black Handbag & Wallet Set for Women,
maroon-black-handbag-wallet-set-for-women-mkz-665214,,,,,,,,,,,,,,,,,https://www.markaz.app/api/export/image/1459-39-665214-product-9.webp?src=https%3A%2F%2Fstatic.markaz.app%2Fpakistan%2Fproducts%2F1459-39-665214-product-9.webp,Maroon Black Handbag & Wallet Set for Women,
black-leather-shoulder-bag-for-women-spacious-durable-mkz-693018,"Black Leather Shoulder Bag for Women, Spacious & Durable","<p>This elegant black shoulder bag is the perfect blend of style and practicality for busy Pakistani women. Whether you’re heading to the office, a wedding, or a casual outing, this bag effortlessly complements any outfit while keeping your essentials secure. Its sleek design and premium quality make it a timeless addition to your wardrobe.</p><p>Crafted from durable leather, this bag is built to last through daily use and seasonal changes. The plain black finish adds a touch of sophistication, while the spacious interior and sturdy handles ensure comfort and convenience. Ideal for carrying your laptop, books, or daily essentials, this bag combines functionality with fashion. Its new arrival status means you’re getting the latest trend at the best price in Pakistan.</p><p>- Premium quality leather construction for long-lasting use</p><p>- Stylish black color that suits any occasion</p><p>- Durable handles for comfortable carrying</p><p>- Spacious interior with secure zip closure</p><p>- Perfect dimensions: 17” wide x 11” high x 11” deep</p><p>- New arrival with best price in Pakistan</p><ul><li>Material: Leather</li><li>Pattern: Plain</li><li>Number Of Pieces: 1 Pc</li><li>Gender: Women's</li><li>Color: Black</li><li>Package Includes: 1 x Shoulder Bag</li><li>Length: 11 Inches</li><li>Width: 17 Inches</li><li>Height: 11 Inches</li><li>Note: There might be an error of 1-3 cm due to manual measurement, and slight color differences may occur as a result of varying lighting and monitor effects.</li><li>Product Code: MZ1454200328SHAH</li></ul><p>Delivered across Pakistan with cash on delivery.</p><p><a href=""https://www.markaz.app/shop/product/black-leather-shoulder-bag-for-women-spacious-durable/693018?ref=mkzx-c686663b-54db-5d52-86d8-87704de1faa6"">View this product on Markaz</a></p>",NAAZ,Shoulder Bag,"Women's Handbags, Shoulder Bags",FALSE,Color,Black,MKZ-693018-693018001,0,,,continue,manual,1661,TRUE,https://www.markaz.app/api/export/image/1454-37-693018-product-1.webp?src=https%3A%2F%2Fstatic.markaz.app%2Fpakistan%2Fproducts%2F1454-37-693018-product-1.webp,"Black Leather Shoulder Bag for Women, Spacious & Durable",draft
pink-3-piece-handbag-set-with-gold-hardware-mkz-628267,Pink 3-Piece Handbag Set with Gold Hardware,"<p>This elegant 3-piece handbag set is perfect for Pakistani women who want to look chic for daily outings, office wear, or special events. The soft pink color adds a touch of sweetness to any outfit while remaining versatile enough for all seasons. Designed with a durable rexine material, this set is built to last through daily use without losing its shape or style. The top handle design ensures easy carrying, while the gold-tone hardware adds a classy finish that complements your look.</p><p>The set includes a large handbag with a detachable shoulder strap, a medium crossbody bag, and a slim wallet-style pouch — all matching in color and design. The rexine material is not only lightweight but also resistant to scratches and wear, making it ideal for busy lifestyles. The plain design allows you to pair it with any outfit, from casual jeans to formal dresses. With its stylish look and practical design, this set is a smart investment for your wardrobe.</p><p>- Premium Quality Rexine Material for Long-Lasting Use</p><p>- Stylish Pink Color with Gold-Tone Hardware</p><p>- Includes 3 Pieces: Handbag, Crossbody Bag, and Wallet</p><p>- Durable and Lightweight for Daily Use</p><p>- New Arrival with Best Price in Pakistan</p><p>- Perfect for Office, School, or Casual Wear</p><ul><li>Material: Rexine</li><li>Pattern: Plain</li><li>Number Of Pieces: 3 Pcs</li><li>Product Feature: Top Handle</li><li>Gender: Women's</li><li>Color: Black, Blue, Maroon, Pink, Green, Mustard, Brown</li><li>Package Includes: 3 x Hand Bag Set</li><li>Length: 10 Inches</li><li>Width: 4 Inches</li><li>Height: 8 Inches</li><li>Note: There might be an error of 1-3 cm due to manual measurement, and slight color differences may occur as a result of varying lighting and monitor effects.</li><li>Product Code: MZ1459200240TEBGMR</li></ul><p>Delivered across Pakistan with cash on delivery.</p><p><a href=""https://www.markaz.app/shop/product/pink-3-piece-handbag-set-with-gold-hardware/628267?ref=mkzx-c686663b-54db-5d52-86d8-87704de1faa6"">View this product on Markaz</a></p>",NAAZ,Hand Bag Set,"Women's Handbags, Hand Bags",FALSE,Color,Blue,MKZ-628267-628267001,0,,,continue,manual,2286,TRUE,https://www.markaz.app/api/export/image/1459-39-628267-product-1.jpeg?src=https%3A%2F%2Fstatic.markaz.app%2Fpakistan%2Fproducts%2F1459-39-628267-product-1.jpeg,Pink 3-Piece Handbag Set with Gold Hardware,draft
pink-3-piece-handbag-set-with-gold-hardware-mkz-628267,,,,,,,,Black,MKZ-628267-628267002,0,,,continue,manual,2286,TRUE,,,
pink-3-piece-handbag-set-with-gold-hardware-mkz-628267,,,,,,,,Maroon,MKZ-628267-628267003,0,,,continue,manual,2286,TRUE,,,
pink-3-piece-handbag-set-with-gold-hardware-mkz-628267,,,,,,,,Pink,MKZ-628267-628267004,0,,,continue,manual,2286,TRUE,,,
pink-3-piece-handbag-set-with-gold-hardware-mkz-628267,,,,,,,,Mustard,MKZ-628267-628267005,0,,,continue,manual,2286,TRUE,,,
pink-3-piece-handbag-set-with-gold-hardware-mkz-628267,,,,,,,,Green,MKZ-628267-628267006,0,,,continue,manual,2286,TRUE,,,
pink-3-piece-handbag-set-with-gold-hardware-mkz-628267,,,,,,,,Brown,MKZ-628267-628267007,0,,,continue,manual,2286,TRUE,,,
pink-3-piece-handbag-set-with-gold-hardware-mkz-628267,,,,,,,,,,,,,,,,,https://www.markaz.app/api/export/image/1459-39-628267-product-2.jpeg?src=https%3A%2F%2Fstatic.markaz.app%2Fpakistan%2Fproducts%2F1459-39-628267-product-2.jpeg,Pink 3-Piece Handbag Set with Gold Hardware,
pink-3-piece-handbag-set-with-gold-hardware-mkz-628267,,,,,,,,,,,,,,,,,https://www.markaz.app/api/export/image/1459-39-628267-product-3.jpeg?src=https%3A%2F%2Fstatic.markaz.app%2Fpakistan%2Fproducts%2F1459-39-628267-product-3.jpeg,Pink 3-Piece Handbag Set with Gold Hardware,
pink-3-piece-handbag-set-with-gold-hardware-mkz-628267,,,,,,,,,,,,,,,,,https://www.markaz.app/api/export/image/1459-39-628267-product-4.jpeg?src=https%3A%2F%2Fstatic.markaz.app%2Fpakistan%2Fproducts%2F1459-39-628267-product-4.jpeg,Pink 3-Piece Handbag Set with Gold Hardware,
pink-3-piece-handbag-set-with-gold-hardware-mkz-628267,,,,,,,,,,,,,,,,,https://www.markaz.app/api/export/image/1459-39-628267-product-5.jpeg?src=https%3A%2F%2Fstatic.markaz.app%2Fpakistan%2Fproducts%2F1459-39-628267-product-5.jpeg,Pink 3-Piece Handbag Set with Gold Hardware,
pink-3-piece-handbag-set-with-gold-hardware-mkz-628267,,,,,,,,,,,,,,,,,https://www.markaz.app/api/export/image/1459-39-628267-product-6.jpeg?src=https%3A%2F%2Fstatic.markaz.app%2Fpakistan%2Fproducts%2F1459-39-628267-product-6.jpeg,Pink 3-Piece Handbag Set with Gold Hardware,
pink-3-piece-handbag-set-with-gold-hardware-mkz-628267,,,,,,,,,,,,,,,,,https://www.markaz.app/api/export/image/1459-39-628267-product-7.jpeg?src=https%3A%2F%2Fstatic.markaz.app%2Fpakistan%2Fproducts%2F1459-39-628267-product-7.jpeg,Pink 3-Piece Handbag Set with Gold Hardware,
pink-3-piece-handbag-set-with-gold-hardware-mkz-628267,,,,,,,,,,,,,,,,,https://www.markaz.app/api/export/image/1459-39-628267-product-9.jpeg?src=https%3A%2F%2Fstatic.markaz.app%2Fpakistan%2Fproducts%2F1459-39-628267-product-9.jpeg,Pink 3-Piece Handbag Set with Gold Hardware,
pink-3-piece-handbag-set-with-gold-hardware-mkz-628267,,,,,,,,,,,,,,,,,https://www.markaz.app/api/export/image/1459-39-628267-product-1-withcode.jpeg?src=https%3A%2F%2Fstatic.markaz.app%2Fpakistan%2Fproducts%2F1459-39-628267-product-1-withcode.jpeg,Pink 3-Piece Handbag Set with Gold Hardware,
pink-3-piece-handbag-set-with-gold-hardware-mkz-628267,,,,,,,,,,,,,,,,,https://www.markaz.app/api/export/image/1459-39-628267-product-10.jpeg?src=https%3A%2F%2Fstatic.markaz.app%2Fpakistan%2Fproducts%2F1459-39-628267-product-10.jpeg,Pink 3-Piece Handbag Set with Gold Hardware,
high-quality-cross-body-bag-with-digital-strap-mkz-752909,High Quality Cross Body Bag With Digital Strap,"<ul><li>Material: Leather</li><li>Pattern: Printed</li><li>Number Of Pieces: 1 Pc</li><li>Product Feature: Top Handle</li><li>Gender: Girl's</li><li>Color: Multicolor</li><li>Package Includes: 1 x Crossbody Bag</li><li>Length: 7 Inches</li><li>Width: 8 Inches</li><li>Note: There might be an error of 1-3 cm due to manual measurement, and slight color differences may occur as a result of varying lighting and monitor effects.</li><li>Product Code: MZ2124200307CYNNWK</li></ul><p>Delivered across Pakistan with cash on delivery.</p><p><a href=""https://www.markaz.app/shop/product/high-quality-cross-body-bag-with-digital-strap/752909?ref=mkzx-c686663b-54db-5d52-86d8-87704de1faa6"">View this product on Markaz</a></p>",NAAZ,Hand Bag,"Women's Handbags, Hand Bags",FALSE,Color,Mustard,MKZ-752909-752909007,0,,,continue,manual,1100,TRUE,https://www.markaz.app/api/export/image/2124-39-752909-product-1.webp?src=https%3A%2F%2Fstatic.markaz.app%2Fpakistan%2Fproducts%2F2124-39-752909-product-1.webp,High Quality Cross Body Bag With Digital Strap,draft
high-quality-cross-body-bag-with-digital-strap-mkz-752909,,,,,,,,,,,,,,,,,https://www.markaz.app/api/export/image/2124-39-752909-product-3.webp?src=https%3A%2F%2Fstatic.markaz.app%2Fpakistan%2Fproducts%2F2124-39-752909-product-3.webp,High Quality Cross Body Bag With Digital Strap,
high-quality-cross-body-bag-with-digital-strap-mkz-752909,,,,,,,,,,,,,,,,,https://www.markaz.app/api/export/image/2124-39-752909-product-4.webp?src=https%3A%2F%2Fstatic.markaz.app%2Fpakistan%2Fproducts%2F2124-39-752909-product-4.webp,High Quality Cross Body Bag With Digital Strap,
high-quality-cross-body-bag-with-digital-strap-mkz-752909,,,,,,,,,,,,,,,,,https://www.markaz.app/api/export/image/2124-39-752909-product-5.webp?src=https%3A%2F%2Fstatic.markaz.app%2Fpakistan%2Fproducts%2F2124-39-752909-product-5.webp,High Quality Cross Body Bag With Digital Strap,
high-quality-cross-body-bag-with-digital-strap-mkz-752909,,,,,,,,,,,,,,,,,https://www.markaz.app/api/export/image/2124-39-752909-product-6.webp?src=https%3A%2F%2Fstatic.markaz.app%2Fpakistan%2Fproducts%2F2124-39-752909-product-6.webp,High Quality Cross Body Bag With Digital Strap,
high-quality-cross-body-bag-with-digital-strap-mkz-752909,,,,,,,,,,,,,,,,,https://www.markaz.app/api/export/image/2124-39-752909-product-7.webp?src=https%3A%2F%2Fstatic.markaz.app%2Fpakistan%2Fproducts%2F2124-39-752909-product-7.webp,High Quality Cross Body Bag With Digital Strap,
high-quality-cross-body-bag-with-digital-strap-mkz-752909,,,,,,,,,,,,,,,,,https://www.markaz.app/api/export/image/2124-39-752909-product-8.webp?src=https%3A%2F%2Fstatic.markaz.app%2Fpakistan%2Fproducts%2F2124-39-752909-product-8.webp,High Quality Cross Body Bag With Digital Strap,
high-quality-cross-body-bag-with-digital-strap-mkz-752909,,,,,,,,,,,,,,,,,https://www.markaz.app/api/export/image/2124-39-752909-product-9.webp?src=https%3A%2F%2Fstatic.markaz.app%2Fpakistan%2Fproducts%2F2124-39-752909-product-9.webp,High Quality Cross Body Bag With Digital Strap,
high-quality-cross-body-bag-with-digital-strap-mkz-752909,,,,,,,,,,,,,,,,,https://www.markaz.app/api/export/image/2124-39-752909-product-10.webp?src=https%3A%2F%2Fstatic.markaz.app%2Fpakistan%2Fproducts%2F2124-39-752909-product-10.webp,High Quality Cross Body Bag With Digital Strap,
